Workbook

Sheet INPUT
A1: LingoCGM — CGM Data Input | C1: Paste your CGM data below (rows 3–20,002). Column A = DateTime | Column B = Glucose (mg/dL). All other sheets recalculate automatically. Maximum 20 000 readings (~70 days at 5-min, ~208 days at 15-min). Requires Excel 365 / Excel 2021.
A2: DateTime | B2: Glucose (mg/dL) | C2: ← Paste data in columns A & B from row 3 onwards

Sheet Summary
A1: LingoCGM — CGM Summary Report
A2: Edit the subject name here →
A4: OVERVIEW
A5: Subject / File | B5: ← enter name in cell B2 | D5: Edit B2 above
A6: Total Readings | B6: =COUNT(_Calc!$B$3:$B$20002) | C6: readings
A7: Days of Data | B7: =IFERROR(SUMPRODUCT((1/COUNTIFS(_Calc!$C$3:$C$20002,_Calc!$C$3:$C$20002,_Calc!$B$3:$B$20002,"<>"))*(_Calc!$B$3:$B$20002<>""),""),"—") | C7: days | D7: Unique calendar days with ≥1 valid reading
A8: Date Range (start) | B8: =IFERROR(TEXT(MIN(_Calc!$C$3:$C$20002),"YYYY-MM-DD"),"—") | D8: Earliest date in dataset
A9: Date Range (end) | B9: =IFERROR(TEXT(MAX(_Calc!$C$3:$C$20002),"YYYY-MM-DD"),"—") | D9: Latest date in dataset
A11: BASIC STATISTICS
A12: Average Glucose | B12: =IFERROR(AVERAGE(_Calc!$B$3:$B$20002),"—") | C12: mg/dL | D12: Mean of all valid readings
A13: Minimum Glucose | B13: =IFERROR(MIN(_Calc!$B$3:$B$20002),"—") | C13: mg/dL | D13: Lowest single reading
A14: Maximum Glucose | B14: =IFERROR(MAX(_Calc!$B$3:$B$20002),"—") | C14: mg/dL | D14: Highest single reading
A15: Hypo Events (<70 mg/dL) | B15: =IFERROR(COUNTIF(_Calc!$B$3:$B$20002,"<70"),"—") | C15: readings | D15: Total readings below 70 mg/dL (ADA hypoglycaemia threshold)
A17: GLYCEMIC VARIABILITY
A18: Standard Deviation (SD) | B18: =IFERROR(STDEV.P(_Calc!$B$3:$B$20002),"—") | C18: mg/dL | D18: Population SD — how spread glucose values are
A19: Coefficient of Variation (CV) | B19: =IFERROR(STDEV.P(_Calc!$B$3:$B$20002)/AVERAGE(_Calc!$B$3:$B$20002)*100,"—") | C19: % | D19: CV = SD ÷ Mean × 100. Target: <36% (stable). 36–50%: moderate. >50%: high variability
A20: MAGE | B20: — (see note) | D20: Mean Amplitude of Glycemic Excursions cannot be calculated with Excel formulas. Use the Python script (cgm_to_xls.py) to obtain MAGE.
A22: ESTIMATED HbA1c
A23: GMI — Glucose Management Indicator | B23: =IFERROR(3.31+0.02392*AVERAGE(_Calc!$B$3:$B$20002),"—") | C23: % | D23: ADA/EASD formula: 3.31 + 0.02392 × mean glucose (mg/dL). ≥7.0%: Diabetic 5.7–6.9%: Pre-diabetic <5.7%: Normal
A24: eA1c (legacy) | B24: =IFERROR((AVERAGE(_Calc!$B$3:$B$20002)+46.7)/28.7,"—") | C24: % | D24: Legacy estimate: (avg + 46.7) / 28.7. GMI is preferred for CGM data.
A26: 5-TIER TIME IN RANGE (ADA/EASD Consensus Targets — T2D)
A27: TBR Level 2 (<54 mg/dL) | B27: =IFERROR(COUNTIF(_Calc!$B$3:$B$20002,"<54")/COUNT(_Calc!$B$3:$B$20002)*100,0) | C27: % | D27: Target <1%
A28: TBR Level 1 (54–69 mg/dL) | B28: =IFERROR(COUNTIFS(_Calc!$B$3:$B$20002,">="&54,_Calc!$B$3:$B$20002,"<"&70)/COUNT(_Calc!$B$3:$B$20002)*100,0) | C28: % | D28: Target <4%
A29: TIR (70–180 mg/dL) | B29: =IFERROR(COUNTIFS(_Calc!$B$3:$B$20002,">="&70,_Calc!$B$3:$B$20002,"<="&180)/COUNT(_Calc!$B$3:$B$20002)*100,0) | C29: % | D29: Target >70%
A30: TAR Level 1 (181–250 mg/dL) | B30: =IFERROR(COUNTIFS(_Calc!$B$3:$B$20002,">"&180,_Calc!$B$3:$B$20002,"<="&250)/COUNT(_Calc!$B$3:$B$20002)*100,0) | C30: % | D30: Target <25%
A31: TAR Level 2 (>250 mg/dL) | B31: =IFERROR(COUNTIF(_Calc!$B$3:$B$20002,">250")/COUNT(_Calc!$B$3:$B$20002)*100,0) | C31: % | D31: Target <5%
A33: TIME-OF-DAY AVERAGES
A34: Fasting Average (6–10 AM) | B34: =IFERROR(AVERAGEIFS(_Calc!$B$3:$B$20002,_Calc!$D$3:$D$20002,">="&6,_Calc!$D$3:$D$20002,"<"&10),"—") | C34: mg/dL | D34: Readings between 06:00–09:59. Key metformin efficacy marker.
A35: Nocturnal Average (0–4 AM) | B35: =IFERROR(AVERAGEIFS(_Calc!$B$3:$B$20002,_Calc!$D$3:$D$20002,">="&0,_Calc!$D$3:$D$20002,"<"&4),"—") | C35: mg/dL | D35: Readings between 00:00–03:59. Elevated values suggest hepatic insulin resistance.
A37: SIMPLIFIED TIR (3-tier)
A38: TBR Total (<70 mg/dL) | B38: =IFERROR(COUNTIF(_Calc!$B$3:$B$20002,"<70")/COUNT(_Calc!$B$3:$B$20002)*100,0) | C38: % | D38: All readings below target range. ADA target <4%.
A39: TIR (70–180 mg/dL) | B39: =IFERROR(COUNTIFS(_Calc!$B$3:$B$20002,">="&70,_Calc!$B$3:$B$20002,"<="&180)/COUNT(_Calc!$B$3:$B$20002)*100,0) | C39: % | D39: Readings within target range. ADA target >70%.
A40: TAR Total (>180 mg/dL) | B40: =IFERROR(COUNTIF(_Calc!$B$3:$B$20002,">180")/COUNT(_Calc!$B$3:$B$20002)*100,0) | C40: % | D40: All readings above target range. ADA target <25%.

Sheet Daily
A1: Daily Glucose Breakdown
A2: Dates are auto-populated from your data (Excel 365 / 2021 required for UNIQUE/FILTER functions). Per-day metrics recalculate automatically.
A3: Date | B3: Readings | C3: Avg Glucose | D3: TIR % (70–180) | E3: TBR % (<70) | F3: TAR % (>180) | G3: Status
A4: =IFERROR(SORT(UNIQUE(FILTER(_Calc!$C$3:$C$20002,_Calc!$C$3:$C$20002<>""))),"No data — paste CGM data in the INPUT sheet") | B4: =IFERROR(IF(A4="","",COUNTIFS(_Calc!$C$3:$C$20002,A4,_Calc!$B$3:$B$20002,"<>")),"") | C4: =IFERROR(IF(A4="","",AVERAGEIFS(_Calc!$B$3:$B$20002,_Calc!$C$3:$C$20002,A4)),"") | D4: =IFERROR(IF(A4="","",COUNTIFS(_Calc!$B$3:$B$20002,">="&70,_Calc!$B$3:$B$20002,"<="&180,_Calc!$C$3:$C$20002,A4)/COUNTIFS(_Calc!$C$3:$C$20002,A4,_Calc!$B$3:$B$20002,"<>")*100),"") | E4: =IFERROR(IF(A4="","",COUNTIFS(_Calc!$B$3:$B$20002,"<70",_Calc!$C$3:$C$20002,A4)/COUNTIFS(_Calc!$C$3:$C$20002,A4,_Calc!$B$3:$B$20002,"<>")*100),"") | F4: =IFERROR(IF(A4="","",COUNTIFS(_Calc!$B$3:$B$20002,">180",_Calc!$C$3:$C$20002,A4)/COUNTIFS(_Calc!$C$3:$C$20002,A4,_Calc!$B$3:$B$20002,"<>")*100),"") | G4: =IFERROR(IF(A4="","",IF(D4>=70,"✓ Good",IF(E4>4,"Low glucose","High glucose"))),"")
B5: =IFERROR(IF(A5="","",COUNTIFS(_Calc!$C$3:$C$20002,A5,_Calc!$B$3:$B$20002,"<>")),"") | C5: =IFERROR(IF(A5="","",AVERAGEIFS(_Calc!$B$3:$B$20002,_Calc!$C$3:$C$20002,A5)),"") | D5: =IFERROR(IF(A5="","",COUNTIFS(_Calc!$B$3:$B$20002,">="&70,_Calc!$B$3:$B$20002,"<="&180,_Calc!$C$3:$C$20002,A5)/COUNTIFS(_Calc!$C$3:$C$20002,A5,_Calc!$B$3:$B$20002,"<>")*100),"") | E5: =IFERROR(IF(A5="","",COUNTIFS(_Calc!$B$3:$B$20002,"<70",_Calc!$C$3:$C$20002,A5)/COUNTIFS(_Calc!$C$3:$C$20002,A5,_Calc!$B$3:$B$20002,"<>")*100),"") | F5: =IFERROR(IF(A5="","",COUNTIFS(_Calc!$B$3:$B$20002,">180",_Calc!$C$3:$C$20002,A5)/COUNTIFS(_Calc!$C$3:$C$20002,A5,_Calc!$B$3:$B$20002,"<>")*100),"") | G5: =IFERROR(IF(A5="","",IF(D5>=70,"✓ Good",IF(E5>4,"Low glucose","High glucose"))),"")
B6: =IFERROR(IF(A6="","",COUNTIFS(_Calc!$C$3:$C$20002,A6,_Calc!$B$3:$B$20002,"<>")),"") | C6: =IFERROR(IF(A6="","",AVERAGEIFS(_Calc!$B$3:$B$20002,_Calc!$C$3:$C$20002,A6)),"") | D6: =IFERROR(IF(A6="","",COUNTIFS(_Calc!$B$3:$B$20002,">="&70,_Calc!$B$3:$B$20002,"<="&180,_Calc!$C$3:$C$20002,A6)/COUNTIFS(_Calc!$C$3:$C$20002,A6,_Calc!$B$3:$B$20002,"<>")*100),"") | E6: =IFERROR(IF(A6="","",COUNTIFS(_Calc!$B$3:$B$20002,"<70",_Calc!$C$3:$C$20002,A6)/COUNTIFS(_Calc!$C$3:$C$20002,A6,_Calc!$B$3:$B$20002,"<>")*100),"") | F6: =IFERROR(IF(A6="","",COUNTIFS(_Calc!$B$3:$B$20002,">180",_Calc!$C$3:$C$20002,A6)/COUNTIFS(_Calc!$C$3:$C$20002,A6,_Calc!$B$3:$B$20002,"<>")*100),"") | G6: =IFERROR(IF(A6="","",IF(D6>=70,"✓ Good",IF(E6>4,"Low glucose","High glucose"))),"")
B7: =IFERROR(IF(A7="","",COUNTIFS(_Calc!$C$3:$C$20002,A7,_Calc!$B$3:$B$20002,"<>")),"") | C7: =IFERROR(IF(A7="","",AVERAGEIFS(_Calc!$B$3:$B$20002,_Calc!$C$3:$C$20002,A7)),"") | D7: =IFERROR(IF(A7="","",COUNTIFS(_Calc!$B$3:$B$20002,">="&70,_Calc!$B$3:$B$20002,"<="&180,_Calc!$C$3:$C$20002,A7)/COUNTIFS(_Calc!$C$3:$C$20002,A7,_Calc!$B$3:$B$20002,"<>")*100),"") | E7: =IFERROR(IF(A7="","",COUNTIFS(_Calc!$B$3:$B$20002,"<70",_Calc!$C$3:$C$20002,A7)/COUNTIFS(_Calc!$C$3:$C$20002,A7,_Calc!$B$3:$B$20002,"<>")*100),"") | F7: =IFERROR(IF(A7="","",COUNTIFS(_Calc!$B$3:$B$20002,">180",_Calc!$C$3:$C$20002,A7)/COUNTIFS(_Calc!$C$3:$C$20002,A7,_Calc!$B$3:$B$20002,"<>")*100),"") | G7: =IFERROR(IF(A7="","",IF(D7>=70,"✓ Good",IF(E7>4,"Low glucose","High glucose"))),"")
B8: =IFERROR(IF(A8="","",COUNTIFS(_Calc!$C$3:$C$20002,A8,_Calc!$B$3:$B$20002,"<>")),"") | C8: =IFERROR(IF(A8="","",AVERAGEIFS(_Calc!$B$3:$B$20002,_Calc!$C$3:$C$20002,A8)),"") | D8: =IFERROR(IF(A8="","",COUNTIFS(_Calc!$B$3:$B$20002,">="&70,_Calc!$B$3:$B$20002,"<="&180,_Calc!$C$3:$C$20002,A8)/COUNTIFS(_Calc!$C$3:$C$20002,A8,_Calc!$B$3:$B$20002,"<>")*100),"") | E8: =IFERROR(IF(A8="","",COUNTIFS(_Calc!$B$3:$B$20002,"<70",_Calc!$C$3:$C$20002,A8)/COUNTIFS(_Calc!$C$3:$C$20002,A8,_Calc!$B$3:$B$20002,"<>")*100),"") | F8: =IFERROR(IF(A8="","",COUNTIFS(_Calc!$B$3:$B$20002,">180",_Calc!$C$3:$C$20002,A8)/COUNTIFS(_Calc!$C$3:$C$20002,A8,_Calc!$B$3:$B$20002,"<>")*100),"") | G8: =IFERROR(IF(A8="","",IF(D8>=70,"✓ Good",IF(E8>4,"Low glucose","High glucose"))),"")
B9: =IFERROR(IF(A9="","",COUNTIFS(_Calc!$C$3:$C$20002,A9,_Calc!$B$3:$B$20002,"<>")),"") | C9: =IFERROR(IF(A9="","",AVERAGEIFS(_Calc!$B$3:$B$20002,_Calc!$C$3:$C$20002,A9)),"") | D9: =IFERROR(IF(A9="","",COUNTIFS(_Calc!$B$3:$B$20002,">="&70,_Calc!$B$3:$B$20002,"<="&180,_Calc!$C$3:$C$20002,A9)/COUNTIFS(_Calc!$C$3:$C$20002,A9,_Calc!$B$3:$B$20002,"<>")*100),"") | E9: =IFERROR(IF(A9="","",COUNTIFS(_Calc!$B$3:$B$20002,"<70",_Calc!$C$3:$C$20002,A9)/COUNTIFS(_Calc!$C$3:$C$20002,A9,_Calc!$B$3:$B$20002,"<>")*100),"") | F9: =IFERROR(IF(A9="","",COUNTIFS(_Calc!$B$3:$B$20002,">180",_Calc!$C$3:$C$20002,A9)/COUNTIFS(_Calc!$C$3:$C$20002,A9,_Calc!$B$3:$B$20002,"<>")*100),"") | G9: =IFERROR(IF(A9="","",IF(D9>=70,"✓ Good",IF(E9>4,"Low glucose","High glucose"))),"")
B10: =IFERROR(IF(A10="","",COUNTIFS(_Calc!$C$3:$C$20002,A10,_Calc!$B$3:$B$20002,"<>")),"") | C10: =IFERROR(IF(A10="","",AVERAGEIFS(_Calc!$B$3:$B$20002,_Calc!$C$3:$C$20002,A10)),"") | D10: =IFERROR(IF(A10="","",COUNTIFS(_Calc!$B$3:$B$20002,">="&70,_Calc!$B$3:$B$20002,"<="&180,_Calc!$C$3:$C$20002,A10)/COUNTIFS(_Calc!$C$3:$C$20002,A10,_Calc!$B$3:$B$20002,"<>")*100),"") | E10: =IFERROR(IF(A10="","",COUNTIFS(_Calc!$B$3:$B$20002,"<70",_Calc!$C$3:$C$20002,A10)/COUNTIFS(_Calc!$C$3:$C$20002,A10,_Calc!$B$3:$B$20002,"<>")*100),"") | F10: =IFERROR(IF(A10="","",COUNTIFS(_Calc!$B$3:$B$20002,">180",_Calc!$C$3:$C$20002,A10)/COUNTIFS(_Calc!$C$3:$C$20002,A10,_Calc!$B$3:$B$20002,"<>")*100),"") | G10: =IFERROR(IF(A10="","",IF(D10>=70,"✓ Good",IF(E10>4,"Low glucose","High glucose"))),"")
B11: =IFERROR(IF(A11="","",COUNTIFS(_Calc!$C$3:$C$20002,A11,_Calc!$B$3:$B$20002,"<>")),"") | C11: =IFERROR(IF(A11="","",AVERAGEIFS(_Calc!$B$3:$B$20002,_Calc!$C$3:$C$20002,A11)),"") | D11: =IFERROR(IF(A11="","",COUNTIFS(_Calc!$B$3:$B$20002,">="&70,_Calc!$B$3:$B$20002,"<="&180,_Calc!$C$3:$C$20002,A11)/COUNTIFS(_Calc!$C$3:$C$20002,A11,_Calc!$B$3:$B$20002,"<>")*100),"") | E11: =IFERROR(IF(A11="","",COUNTIFS(_Calc!$B$3:$B$20002,"<70",_Calc!$C$3:$C$20002,A11)/COUNTIFS(_Calc!$C$3:$C$20002,A11,_Calc!$B$3:$B$20002,"<>")*100),"") | F11: =IFERROR(IF(A11="","",COUNTIFS(_Calc!$B$3:$B$20002,">180",_Calc!$C$3:$C$20002,A11)/COUNTIFS(_Calc!$C$3:$C$20002,A11,_Calc!$B$3:$B$20002,"<>")*100),"") | G11: =IFERROR(IF(A11="","",IF(D11>=70,"✓ Good",IF(E11>4,"Low glucose","High glucose"))),"")
B12: =IFERROR(IF(A12="","",COUNTIFS(_Calc!$C$3:$C$20002,A12,_Calc!$B$3:$B$20002,"<>")),"") | C12: =IFERROR(IF(A12="","",AVERAGEIFS(_Calc!$B$3:$B$20002,_Calc!$C$3:$C$20002,A12)),"") | D12: =IFERROR(IF(A12="","",COUNTIFS(_Calc!$B$3:$B$20002,">="&70,_Calc!$B$3:$B$20002,"<="&180,_Calc!$C$3:$C$20002,A12)/COUNTIFS(_Calc!$C$3:$C$20002,A12,_Calc!$B$3:$B$20002,"<>")*100),"") | E12: =IFERROR(IF(A12="","",COUNTIFS(_Calc!$B$3:$B$20002,"<70",_Calc!$C$3:$C$20002,A12)/COUNTIFS(_Calc!$C$3:$C$20002,A12,_Calc!$B$3:$B$20002,"<>")*100),"") | F12: =IFERROR(IF(A12="","",COUNTIFS(_Calc!$B$3:$B$20002,">180",_Calc!$C$3:$C$20002,A12)/COUNTIFS(_Calc!$C$3:$C$20002,A12,_Calc!$B$3:$B$20002,"<>")*100),"") | G12: =IFERROR(IF(A12="","",IF(D12>=70,"✓ Good",IF(E12>4,"Low glucose","High glucose"))),"")
B13: =IFERROR(IF(A13="","",COUNTIFS(_Calc!$C$3:$C$20002,A13,_Calc!$B$3:$B$20002,"<>")),"") | C13: =IFERROR(IF(A13="","",AVERAGEIFS(_Calc!$B$3:$B$20002,_Calc!$C$3:$C$20002,A13)),"") | D13: =IFERROR(IF(A13="","",COUNTIFS(_Calc!$B$3:$B$20002,">="&70,_Calc!$B$3:$B$20002,"<="&180,_Calc!$C$3:$C$20002,A13)/COUNTIFS(_Calc!$C$3:$C$20002,A13,_Calc!$B$3:$B$20002,"<>")*100),"") | E13: =IFERROR(IF(A13="","",COUNTIFS(_Calc!$B$3:$B$20002,"<70",_Calc!$C$3:$C$20002,A13)/COUNTIFS(_Calc!$C$3:$C$20002,A13,_Calc!$B$3:$B$20002,"<>")*100),"") | F13: =IFERROR(IF(A13="","",COUNTIFS(_Calc!$B$3:$B$20002,">180",_Calc!$C$3:$C$20002,A13)/COUNTIFS(_Calc!$C$3:$C$20002,A13,_Calc!$B$3:$B$20002,"<>")*100),"") | G13: =IFERROR(IF(A13="","",IF(D13>=70,"✓ Good",IF(E13>4,"Low glucose","High glucose"))),"")
B14: =IFERROR(IF(A14="","",COUNTIFS(_Calc!$C$3:$C$20002,A14,_Calc!$B$3:$B$20002,"<>")),"") | C14: =IFERROR(IF(A14="","",AVERAGEIFS(_Calc!$B$3:$B$20002,_Calc!$C$3:$C$20002,A14)),"") | D14: =IFERROR(IF(A14="","",COUNTIFS(_Calc!$B$3:$B$20002,">="&70,_Calc!$B$3:$B$20002,"<="&180,_Calc!$C$3:$C$20002,A14)/COUNTIFS(_Calc!$C$3:$C$20002,A14,_Calc!$B$3:$B$20002,"<>")*100),"") | E14: =IFERROR(IF(A14="","",COUNTIFS(_Calc!$B$3:$B$20002,"<70",_Calc!$C$3:$C$20002,A14)/COUNTIFS(_Calc!$C$3:$C$20002,A14,_Calc!$B$3:$B$20002,"<>")*100),"") | F14: =IFERROR(IF(A14="","",COUNTIFS(_Calc!$B$3:$B$20002,">180",_Calc!$C$3:$C$20002,A14)/COUNTIFS(_Calc!$C$3:$C$20002,A14,_Calc!$B$3:$B$20002,"<>")*100),"") | G14: =IFERROR(IF(A14="","",IF(D14>=70,"✓ Good",IF(E14>4,"Low glucose","High glucose"))),"")
B15: =IFERROR(IF(A15="","",COUNTIFS(_Calc!$C$3:$C$20002,A15,_Calc!$B$3:$B$20002,"<>")),"") | C15: =IFERROR(IF(A15="","",AVERAGEIFS(_Calc!$B$3:$B$20002,_Calc!$C$3:$C$20002,A15)),"") | D15: =IFERROR(IF(A15="","",COUNTIFS(_Calc!$B$3:$B$20002,">="&70,_Calc!$B$3:$B$20002,"<="&180,_Calc!$C$3:$C$20002,A15)/COUNTIFS(_Calc!$C$3:$C$20002,A15,_Calc!$B$3:$B$20002,"<>")*100),"") | E15: =IFERROR(IF(A15="","",COUNTIFS(_Calc!$B$3:$B$20002,"<70",_Calc!$C$3:$C$20002,A15)/COUNTIFS(_Calc!$C$3:$C$20002,A15,_Calc!$B$3:$B$20002,"<>")*100),"") | F15: =IFERROR(IF(A15="","",COUNTIFS(_Calc!$B$3:$B$20002,">180",_Calc!$C$3:$C$20002,A15)/COUNTIFS(_Calc!$C$3:$C$20002,A15,_Calc!$B$3:$B$20002,"<>")*100),"") | G15: =IFERROR(IF(A15="","",IF(D15>=70,"✓ Good",IF(E15>4,"Low glucose","High glucose"))),"")
B16: =IFERROR(IF(A16="","",COUNTIFS(_Calc!$C$3:$C$20002,A16,_Calc!$B$3:$B$20002,"<>")),"") | C16: =IFERROR(IF(A16="","",AVERAGEIFS(_Calc!$B$3:$B$20002,_Calc!$C$3:$C$20002,A16)),"") | D16: =IFERROR(IF(A16="","",COUNTIFS(_Calc!$B$3:$B$20002,">="&70,_Calc!$B$3:$B$20002,"<="&180,_Calc!$C$3:$C$20002,A16)/COUNTIFS(_Calc!$C$3:$C$20002,A16,_Calc!$B$3:$B$20002,"<>")*100),"") | E16: =IFERROR(IF(A16="","",COUNTIFS(_Calc!$B$3:$B$20002,"<70",_Calc!$C$3:$C$20002,A16)/COUNTIFS(_Calc!$C$3:$C$20002,A16,_Calc!$B$3:$B$20002,"<>")*100),"") | F16: =IFERROR(IF(A16="","",COUNTIFS(_Calc!$B$3:$B$20002,">180",_Calc!$C$3:$C$20002,A16)/COUNTIFS(_Calc!$C$3:$C$20002,A16,_Calc!$B$3:$B$20002,"<>")*100),"") | G16: =IFERROR(IF(A16="","",IF(D16>=70,"✓ Good",IF(E16>4,"Low glucose","High glucose"))),"")
... B369: =IFERROR(IF(A369="","",COUNTIFS(_Calc!$C$3:$C$20002,A369,_Calc!$B$3:$B$20002,"<>")),"") | C369: =IFERROR(IF(A369="","",AVERAGEIFS(_Calc!$B$3:$B$20002,_Calc!$C$3:$C$20002,A369)),"") | D369: =IFERROR(IF(A369="","",COUNTIFS(_Calc!$B$3:$B$20002,">="&70,_Calc!$B$3:$B$20002,"<="&180,_Calc!$C$3:$C$20002,A369)/COUNTIFS(_Calc!$C$3:$C$20002,A369,_Calc!$B$3:$B$20002,"<>")*100),"") | E369: =IFERROR(IF(A369="","",COUNTIFS(_Calc!$B$3:$B$20002,"<70",_Calc!$C$3:$C$20002,A369)/COUNTIFS(_Calc!$C$3:$C$20002,A369,_Calc!$B$3:$B$20002,"<>")*100),"") | F369: =IFERROR(IF(A369="","",COUNTIFS(_Calc!$B$3:$B$20002,">180",_Calc!$C$3:$C$20002,A369)/COUNTIFS(_Calc!$C$3:$C$20002,A369,_Calc!$B$3:$B$20002,"<>")*100),"") | G369: =IFERROR(IF(A369="","",IF(D369>=70,"✓ Good",IF(E369>4,"Low glucose","High glucose"))),"")

Sheet AGP
A1: Ambulatory Glucose Profile (AGP) — Hourly Percentiles
A2: Median glucose and interquartile range (25th–75th pct) by hour of day. Target range 70–180 mg/dL shown for reference. Requires Excel 365.
A3: Hour | B3: Readings | C3: 10th pct | D3: 25th pct (IQR low) | E3: Median (50th) | F3: 75th pct (IQR high) | G3: 90th pct | H3: Zone
A4: 00:00 | B4: =IFERROR(COUNTIF(_Calc!$D$3:$D$20002,0),0) | C4: =IFERROR(PERCENTILE(FILTER(_Calc!$B$3:$B$20002,_Calc!$D$3:$D$20002=0),0.1),"—") | D4: =IFERROR(PERCENTILE(FILTER(_Calc!$B$3:$B$20002,_Calc!$D$3:$D$20002=0),0.25),"—") | E4: =IFERROR(PERCENTILE(FILTER(_Calc!$B$3:$B$20002,_Calc!$D$3:$D$20002=0),0.5),"—") | F4: =IFERROR(PERCENTILE(FILTER(_Calc!$B$3:$B$20002,_Calc!$D$3:$D$20002=0),0.75),"—") | G4: =IFERROR(PERCENTILE(FILTER(_Calc!$B$3:$B$20002,_Calc!$D$3:$D$20002=0),0.9),"—") | H4: =IFERROR(IF(IFERROR(PERCENTILE(FILTER(_Calc!$B$3:$B$20002,_Calc!$D$3:$D$20002=0),0.5),"—")="","—",IF(IFERROR(PERCENTILE(FILTER(_Calc!$B$3:$B$20002,_Calc!$D$3:$D$20002=0),0.5),"—")<70,"Low",IF(IFERROR(PERCENTILE(FILTER(_Calc!$B$3:$B$20002,_Calc!$D$3:$D$20002=0),0.5),"—")>180,"High","In Range"))),"—")
A5: 01:00 | B5: =IFERROR(COUNTIF(_Calc!$D$3:$D$20002,1),0) | C5: =IFERROR(PERCENTILE(FILTER(_Calc!$B$3:$B$20002,_Calc!$D$3:$D$20002=1),0.1),"—") | D5: =IFERROR(PERCENTILE(FILTER(_Calc!$B$3:$B$20002,_Calc!$D$3:$D$20002=1),0.25),"—") | E5: =IFERROR(PERCENTILE(FILTER(_Calc!$B$3:$B$20002,_Calc!$D$3:$D$20002=1),0.5),"—") | F5: =IFERROR(PERCENTILE(FILTER(_Calc!$B$3:$B$20002,_Calc!$D$3:$D$20002=1),0.75),"—") | G5: =IFERROR(PERCENTILE(FILTER(_Calc!$B$3:$B$20002,_Calc!$D$3:$D$20002=1),0.9),"—") | H5: =IFERROR(IF(IFERROR(PERCENTILE(FILTER(_Calc!$B$3:$B$20002,_Calc!$D$3:$D$20002=1),0.5),"—")="","—",IF(IFERROR(PERCENTILE(FILTER(_Calc!$B$3:$B$20002,_Calc!$D$3:$D$20002=1),0.5),"—")<70,"Low",IF(IFERROR(PERCENTILE(FILTER(_Calc!$B$3:$B$20002,_Calc!$D$3:$D$20002=1),0.5),"—")>180,"High","In Range"))),"—")
A6: 02:00 | B6: =IFERROR(COUNTIF(_Calc!$D$3:$D$20002,2),0) | C6: =IFERROR(PERCENTILE(FILTER(_Calc!$B$3:$B$20002,_Calc!$D$3:$D$20002=2),0.1),"—") | D6: =IFERROR(PERCENTILE(FILTER(_Calc!$B$3:$B$20002,_Calc!$D$3:$D$20002=2),0.25),"—") | E6: =IFERROR(PERCENTILE(FILTER(_Calc!$B$3:$B$20002,_Calc!$D$3:$D$20002=2),0.5),"—") | F6: =IFERROR(PERCENTILE(FILTER(_Calc!$B$3:$B$20002,_Calc!$D$3:$D$20002=2),0.75),"—") | G6: =IFERROR(PERCENTILE(FILTER(_Calc!$B$3:$B$20002,_Calc!$D$3:$D$20002=2),0.9),"—") | H6: =IFERROR(IF(IFERROR(PERCENTILE(FILTER(_Calc!$B$3:$B$20002,_Calc!$D$3:$D$20002=2),0.5),"—")="","—",IF(IFERROR(PERCENTILE(FILTER(_Calc!$B$3:$B$20002,_Calc!$D$3:$D$20002=2),0.5),"—")<70,"Low",IF(IFERROR(PERCENTILE(FILTER(_Calc!$B$3:$B$20002,_Calc!$D$3:$D$20002=2),0.5),"—")>180,"High","In Range"))),"—")
A7: 03:00 | B7: =IFERROR(COUNTIF(_Calc!$D$3:$D$20002,3),0) | C7: =IFERROR(PERCENTILE(FILTER(_Calc!$B$3:$B$20002,_Calc!$D$3:$D$20002=3),0.1),"—") | D7: =IFERROR(PERCENTILE(FILTER(_Calc!$B$3:$B$20002,_Calc!$D$3:$D$20002=3),0.25),"—") | E7: =IFERROR(PERCENTILE(FILTER(_Calc!$B$3:$B$20002,_Calc!$D$3:$D$20002=3),0.5),"—") | F7: =IFERROR(PERCENTILE(FILTER(_Calc!$B$3:$B$20002,_Calc!$D$3:$D$20002=3),0.75),"—") | G7: =IFERROR(PERCENTILE(FILTER(_Calc!$B$3:$B$20002,_Calc!$D$3:$D$20002=3),0.9),"—") | H7: =IFERROR(IF(IFERROR(PERCENTILE(FILTER(_Calc!$B$3:$B$20002,_Calc!$D$3:$D$20002=3),0.5),"—")="","—",IF(IFERROR(PERCENTILE(FILTER(_Calc!$B$3:$B$20002,_Calc!$D$3:$D$20002=3),0.5),"—")<70,"Low",IF(IFERROR(PERCENTILE(FILTER(_Calc!$B$3:$B$20002,_Calc!$D$3:$D$20002=3),0.5),"—")>180,"High","In Range"))),"—")
A8: 04:00 | B8: =IFERROR(COUNTIF(_Calc!$D$3:$D$20002,4),0) | C8: =IFERROR(PERCENTILE(FILTER(_Calc!$B$3:$B$20002,_Calc!$D$3:$D$20002=4),0.1),"—") | D8: =IFERROR(PERCENTILE(FILTER(_Calc!$B$3:$B$20002,_Calc!$D$3:$D$20002=4),0.25),"—") | E8: =IFERROR(PERCENTILE(FILTER(_Calc!$B$3:$B$20002,_Calc!$D$3:$D$20002=4),0.5),"—") | F8: =IFERROR(PERCENTILE(FILTER(_Calc!$B$3:$B$20002,_Calc!$D$3:$D$20002=4),0.75),"—") | G8: =IFERROR(PERCENTILE(FILTER(_Calc!$B$3:$B$20002,_Calc!$D$3:$D$20002=4),0.9),"—") | H8: =IFERROR(IF(IFERROR(PERCENTILE(FILTER(_Calc!$B$3:$B$20002,_Calc!$D$3:$D$20002=4),0.5),"—")="","—",IF(IFERROR(PERCENTILE(FILTER(_Calc!$B$3:$B$20002,_Calc!$D$3:$D$20002=4),0.5),"—")<70,"Low",IF(IFERROR(PERCENTILE(FILTER(_Calc!$B$3:$B$20002,_Calc!$D$3:$D$20002=4),0.5),"—")>180,"High","In Range"))),"—")
A9: 05:00 | B9: =IFERROR(COUNTIF(_Calc!$D$3:$D$20002,5),0) | C9: =IFERROR(PERCENTILE(FILTER(_Calc!$B$3:$B$20002,_Calc!$D$3:$D$20002=5),0.1),"—") | D9: =IFERROR(PERCENTILE(FILTER(_Calc!$B$3:$B$20002,_Calc!$D$3:$D$20002=5),0.25),"—") | E9: =IFERROR(PERCENTILE(FILTER(_Calc!$B$3:$B$20002,_Calc!$D$3:$D$20002=5),0.5),"—") | F9: =IFERROR(PERCENTILE(FILTER(_Calc!$B$3:$B$20002,_Calc!$D$3:$D$20002=5),0.75),"—") | G9: =IFERROR(PERCENTILE(FILTER(_Calc!$B$3:$B$20002,_Calc!$D$3:$D$20002=5),0.9),"—") | H9: =IFERROR(IF(IFERROR(PERCENTILE(FILTER(_Calc!$B$3:$B$20002,_Calc!$D$3:$D$20002=5),0.5),"—")="","—",IF(IFERROR(PERCENTILE(FILTER(_Calc!$B$3:$B$20002,_Calc!$D$3:$D$20002=5),0.5),"—")<70,"Low",IF(IFERROR(PERCENTILE(FILTER(_Calc!$B$3:$B$20002,_Calc!$D$3:$D$20002=5),0.5),"—")>180,"High","In Range"))),"—")
A10: 06:00 | B10: =IFERROR(COUNTIF(_Calc!$D$3:$D$20002,6),0) | C10: =IFERROR(PERCENTILE(FILTER(_Calc!$B$3:$B$20002,_Calc!$D$3:$D$20002=6),0.1),"—") | D10: =IFERROR(PERCENTILE(FILTER(_Calc!$B$3:$B$20002,_Calc!$D$3:$D$20002=6),0.25),"—") | E10: =IFERROR(PERCENTILE(FILTER(_Calc!$B$3:$B$20002,_Calc!$D$3:$D$20002=6),0.5),"—") | F10: =IFERROR(PERCENTILE(FILTER(_Calc!$B$3:$B$20002,_Calc!$D$3:$D$20002=6),0.75),"—") | G10: =IFERROR(PERCENTILE(FILTER(_Calc!$B$3:$B$20002,_Calc!$D$3:$D$20002=6),0.9),"—") | H10: =IFERROR(IF(IFERROR(PERCENTILE(FILTER(_Calc!$B$3:$B$20002,_Calc!$D$3:$D$20002=6),0.5),"—")="","—",IF(IFERROR(PERCENTILE(FILTER(_Calc!$B$3:$B$20002,_Calc!$D$3:$D$20002=6),0.5),"—")<70,"Low",IF(IFERROR(PERCENTILE(FILTER(_Calc!$B$3:$B$20002,_Calc!$D$3:$D$20002=6),0.5),"—")>180,"High","In Range"))),"—")
A11: 07:00 | B11: =IFERROR(COUNTIF(_Calc!$D$3:$D$20002,7),0) | C11: =IFERROR(PERCENTILE(FILTER(_Calc!$B$3:$B$20002,_Calc!$D$3:$D$20002=7),0.1),"—") | D11: =IFERROR(PERCENTILE(FILTER(_Calc!$B$3:$B$20002,_Calc!$D$3:$D$20002=7),0.25),"—") | E11: =IFERROR(PERCENTILE(FILTER(_Calc!$B$3:$B$20002,_Calc!$D$3:$D$20002=7),0.5),"—") | F11: =IFERROR(PERCENTILE(FILTER(_Calc!$B$3:$B$20002,_Calc!$D$3:$D$20002=7),0.75),"—") | G11: =IFERROR(PERCENTILE(FILTER(_Calc!$B$3:$B$20002,_Calc!$D$3:$D$20002=7),0.9),"—") | H11: =IFERROR(IF(IFERROR(PERCENTILE(FILTER(_Calc!$B$3:$B$20002,_Calc!$D$3:$D$20002=7),0.5),"—")="","—",IF(IFERROR(PERCENTILE(FILTER(_Calc!$B$3:$B$20002,_Calc!$D$3:$D$20002=7),0.5),"—")<70,"Low",IF(IFERROR(PERCENTILE(FILTER(_Calc!$B$3:$B$20002,_Calc!$D$3:$D$20002=7),0.5),"—")>180,"High","In Range"))),"—")
A12: 08:00 | B12: =IFERROR(COUNTIF(_Calc!$D$3:$D$20002,8),0) | C12: =IFERROR(PERCENTILE(FILTER(_Calc!$B$3:$B$20002,_Calc!$D$3:$D$20002=8),0.1),"—") | D12: =IFERROR(PERCENTILE(FILTER(_Calc!$B$3:$B$20002,_Calc!$D$3:$D$20002=8),0.25),"—") | E12: =IFERROR(PERCENTILE(FILTER(_Calc!$B$3:$B$20002,_Calc!$D$3:$D$20002=8),0.5),"—") | F12: =IFERROR(PERCENTILE(FILTER(_Calc!$B$3:$B$20002,_Calc!$D$3:$D$20002=8),0.75),"—") | G12: =IFERROR(PERCENTILE(FILTER(_Calc!$B$3:$B$20002,_Calc!$D$3:$D$20002=8),0.9),"—") | H12: =IFERROR(IF(IFERROR(PERCENTILE(FILTER(_Calc!$B$3:$B$20002,_Calc!$D$3:$D$20002=8),0.5),"—")="","—",IF(IFERROR(PERCENTILE(FILTER(_Calc!$B$3:$B$20002,_Calc!$D$3:$D$20002=8),0.5),"—")<70,"Low",IF(IFERROR(PERCENTILE(FILTER(_Calc!$B$3:$B$20002,_Calc!$D$3:$D$20002=8),0.5),"—")>180,"High","In Range"))),"—")
A13: 09:00 | B13: =IFERROR(COUNTIF(_Calc!$D$3:$D$20002,9),0) | C13: =IFERROR(PERCENTILE(FILTER(_Calc!$B$3:$B$20002,_Calc!$D$3:$D$20002=9),0.1),"—") | D13: =IFERROR(PERCENTILE(FILTER(_Calc!$B$3:$B$20002,_Calc!$D$3:$D$20002=9),0.25),"—") | E13: =IFERROR(PERCENTILE(FILTER(_Calc!$B$3:$B$20002,_Calc!$D$3:$D$20002=9),0.5),"—") | F13: =IFERROR(PERCENTILE(FILTER(_Calc!$B$3:$B$20002,_Calc!$D$3:$D$20002=9),0.75),"—") | G13: =IFERROR(PERCENTILE(FILTER(_Calc!$B$3:$B$20002,_Calc!$D$3:$D$20002=9),0.9),"—") | H13: =IFERROR(IF(IFERROR(PERCENTILE(FILTER(_Calc!$B$3:$B$20002,_Calc!$D$3:$D$20002=9),0.5),"—")="","—",IF(IFERROR(PERCENTILE(FILTER(_Calc!$B$3:$B$20002,_Calc!$D$3:$D$20002=9),0.5),"—")<70,"Low",IF(IFERROR(PERCENTILE(FILTER(_Calc!$B$3:$B$20002,_Calc!$D$3:$D$20002=9),0.5),"—")>180,"High","In Range"))),"—")
A14: 10:00 | B14: =IFERROR(COUNTIF(_Calc!$D$3:$D$20002,10),0) | C14: =IFERROR(PERCENTILE(FILTER(_Calc!$B$3:$B$20002,_Calc!$D$3:$D$20002=10),0.1),"—") | D14: =IFERROR(PERCENTILE(FILTER(_Calc!$B$3:$B$20002,_Calc!$D$3:$D$20002=10),0.25),"—") | E14: =IFERROR(PERCENTILE(FILTER(_Calc!$B$3:$B$20002,_Calc!$D$3:$D$20002=10),0.5),"—") | F14: =IFERROR(PERCENTILE(FILTER(_Calc!$B$3:$B$20002,_Calc!$D$3:$D$20002=10),0.75),"—") | G14: =IFERROR(PERCENTILE(FILTER(_Calc!$B$3:$B$20002,_Calc!$D$3:$D$20002=10),0.9),"—") | H14: =IFERROR(IF(IFERROR(PERCENTILE(FILTER(_Calc!$B$3:$B$20002,_Calc!$D$3:$D$20002=10),0.5),"—")="","—",IF(IFERROR(PERCENTILE(FILTER(_Calc!$B$3:$B$20002,_Calc!$D$3:$D$20002=10),0.5),"—")<70,"Low",IF(IFERROR(PERCENTILE(FILTER(_Calc!$B$3:$B$20002,_Calc!$D$3:$D$20002=10),0.5),"—")>180,"High","In Range"))),"—")
A15: 11:00 | B15: =IFERROR(COUNTIF(_Calc!$D$3:$D$20002,11),0) | C15: =IFERROR(PERCENTILE(FILTER(_Calc!$B$3:$B$20002,_Calc!$D$3:$D$20002=11),0.1),"—") | D15: =IFERROR(PERCENTILE(FILTER(_Calc!$B$3:$B$20002,_Calc!$D$3:$D$20002=11),0.25),"—") | E15: =IFERROR(PERCENTILE(FILTER(_Calc!$B$3:$B$20002,_Calc!$D$3:$D$20002=11),0.5),"—") | F15: =IFERROR(PERCENTILE(FILTER(_Calc!$B$3:$B$20002,_Calc!$D$3:$D$20002=11),0.75),"—") | G15: =IFERROR(PERCENTILE(FILTER(_Calc!$B$3:$B$20002,_Calc!$D$3:$D$20002=11),0.9),"—") | H15: =IFERROR(IF(IFERROR(PERCENTILE(FILTER(_Calc!$B$3:$B$20002,_Calc!$D$3:$D$20002=11),0.5),"—")="","—",IF(IFERROR(PERCENTILE(FILTER(_Calc!$B$3:$B$20002,_Calc!$D$3:$D$20002=11),0.5),"—")<70,"Low",IF(IFERROR(PERCENTILE(FILTER(_Calc!$B$3:$B$20002,_Calc!$D$3:$D$20002=11),0.5),"—")>180,"High","In Range"))),"—")
A16: 12:00 | B16: =IFERROR(COUNTIF(_Calc!$D$3:$D$20002,12),0) | C16: =IFERROR(PERCENTILE(FILTER(_Calc!$B$3:$B$20002,_Calc!$D$3:$D$20002=12),0.1),"—") | D16: =IFERROR(PERCENTILE(FILTER(_Calc!$B$3:$B$20002,_Calc!$D$3:$D$20002=12),0.25),"—") | E16: =IFERROR(PERCENTILE(FILTER(_Calc!$B$3:$B$20002,_Calc!$D$3:$D$20002=12),0.5),"—") | F16: =IFERROR(PERCENTILE(FILTER(_Calc!$B$3:$B$20002,_Calc!$D$3:$D$20002=12),0.75),"—") | G16: =IFERROR(PERCENTILE(FILTER(_Calc!$B$3:$B$20002,_Calc!$D$3:$D$20002=12),0.9),"—") | H16: =IFERROR(IF(IFERROR(PERCENTILE(FILTER(_Calc!$B$3:$B$20002,_Calc!$D$3:$D$20002=12),0.5),"—")="","—",IF(IFERROR(PERCENTILE(FILTER(_Calc!$B$3:$B$20002,_Calc!$D$3:$D$20002=12),0.5),"—")<70,"Low",IF(IFERROR(PERCENTILE(FILTER(_Calc!$B$3:$B$20002,_Calc!$D$3:$D$20002=12),0.5),"—")>180,"High","In Range"))),"—")
A17: 13:00 | B17: =IFERROR(COUNTIF(_Calc!$D$3:$D$20002,13),0) | C17: =IFERROR(PERCENTILE(FILTER(_Calc!$B$3:$B$20002,_Calc!$D$3:$D$20002=13),0.1),"—") | D17: =IFERROR(PERCENTILE(FILTER(_Calc!$B$3:$B$20002,_Calc!$D$3:$D$20002=13),0.25),"—") | E17: =IFERROR(PERCENTILE(FILTER(_Calc!$B$3:$B$20002,_Calc!$D$3:$D$20002=13),0.5),"—") | F17: =IFERROR(PERCENTILE(FILTER(_Calc!$B$3:$B$20002,_Calc!$D$3:$D$20002=13),0.75),"—") | G17: =IFERROR(PERCENTILE(FILTER(_Calc!$B$3:$B$20002,_Calc!$D$3:$D$20002=13),0.9),"—") | H17: =IFERROR(IF(IFERROR(PERCENTILE(FILTER(_Calc!$B$3:$B$20002,_Calc!$D$3:$D$20002=13),0.5),"—")="","—",IF(IFERROR(PERCENTILE(FILTER(_Calc!$B$3:$B$20002,_Calc!$D$3:$D$20002=13),0.5),"—")<70,"Low",IF(IFERROR(PERCENTILE(FILTER(_Calc!$B$3:$B$20002,_Calc!$D$3:$D$20002=13),0.5),"—")>180,"High","In Range"))),"—")
A18: 14:00 | B18: =IFERROR(COUNTIF(_Calc!$D$3:$D$20002,14),0) | C18: =IFERROR(PERCENTILE(FILTER(_Calc!$B$3:$B$20002,_Calc!$D$3:$D$20002=14),0.1),"—") | D18: =IFERROR(PERCENTILE(FILTER(_Calc!$B$3:$B$20002,_Calc!$D$3:$D$20002=14),0.25),"—") | E18: =IFERROR(PERCENTILE(FILTER(_Calc!$B$3:$B$20002,_Calc!$D$3:$D$20002=14),0.5),"—") | F18: =IFERROR(PERCENTILE(FILTER(_Calc!$B$3:$B$20002,_Calc!$D$3:$D$20002=14),0.75),"—") | G18: =IFERROR(PERCENTILE(FILTER(_Calc!$B$3:$B$20002,_Calc!$D$3:$D$20002=14),0.9),"—") | H18: =IFERROR(IF(IFERROR(PERCENTILE(FILTER(_Calc!$B$3:$B$20002,_Calc!$D$3:$D$20002=14),0.5),"—")="","—",IF(IFERROR(PERCENTILE(FILTER(_Calc!$B$3:$B$20002,_Calc!$D$3:$D$20002=14),0.5),"—")<70,"Low",IF(IFERROR(PERCENTILE(FILTER(_Calc!$B$3:$B$20002,_Calc!$D$3:$D$20002=14),0.5),"—")>180,"High","In Range"))),"—")
A19: 15:00 | B19: =IFERROR(COUNTIF(_Calc!$D$3:$D$20002,15),0) | C19: =IFERROR(PERCENTILE(FILTER(_Calc!$B$3:$B$20002,_Calc!$D$3:$D$20002=15),0.1),"—") | D19: =IFERROR(PERCENTILE(FILTER(_Calc!$B$3:$B$20002,_Calc!$D$3:$D$20002=15),0.25),"—") | E19: =IFERROR(PERCENTILE(FILTER(_Calc!$B$3:$B$20002,_Calc!$D$3:$D$20002=15),0.5),"—") | F19: =IFERROR(PERCENTILE(FILTER(_Calc!$B$3:$B$20002,_Calc!$D$3:$D$20002=15),0.75),"—") | G19: =IFERROR(PERCENTILE(FILTER(_Calc!$B$3:$B$20002,_Calc!$D$3:$D$20002=15),0.9),"—") | H19: =IFERROR(IF(IFERROR(PERCENTILE(FILTER(_Calc!$B$3:$B$20002,_Calc!$D$3:$D$20002=15),0.5),"—")="","—",IF(IFERROR(PERCENTILE(FILTER(_Calc!$B$3:$B$20002,_Calc!$D$3:$D$20002=15),0.5),"—")<70,"Low",IF(IFERROR(PERCENTILE(FILTER(_Calc!$B$3:$B$20002,_Calc!$D$3:$D$20002=15),0.5),"—")>180,"High","In Range"))),"—")
A20: 16:00 | B20: =IFERROR(COUNTIF(_Calc!$D$3:$D$20002,16),0) | C20: =IFERROR(PERCENTILE(FILTER(_Calc!$B$3:$B$20002,_Calc!$D$3:$D$20002=16),0.1),"—") | D20: =IFERROR(PERCENTILE(FILTER(_Calc!$B$3:$B$20002,_Calc!$D$3:$D$20002=16),0.25),"—") | E20: =IFERROR(PERCENTILE(FILTER(_Calc!$B$3:$B$20002,_Calc!$D$3:$D$20002=16),0.5),"—") | F20: =IFERROR(PERCENTILE(FILTER(_Calc!$B$3:$B$20002,_Calc!$D$3:$D$20002=16),0.75),"—") | G20: =IFERROR(PERCENTILE(FILTER(_Calc!$B$3:$B$20002,_Calc!$D$3:$D$20002=16),0.9),"—") | H20: =IFERROR(IF(IFERROR(PERCENTILE(FILTER(_Calc!$B$3:$B$20002,_Calc!$D$3:$D$20002=16),0.5),"—")="","—",IF(IFERROR(PERCENTILE(FILTER(_Calc!$B$3:$B$20002,_Calc!$D$3:$D$20002=16),0.5),"—")<70,"Low",IF(IFERROR(PERCENTILE(FILTER(_Calc!$B$3:$B$20002,_Calc!$D$3:$D$20002=16),0.5),"—")>180,"High","In Range"))),"—")
A21: 17:00 | B21: =IFERROR(COUNTIF(_Calc!$D$3:$D$20002,17),0) | C21: =IFERROR(PERCENTILE(FILTER(_Calc!$B$3:$B$20002,_Calc!$D$3:$D$20002=17),0.1),"—") | D21: =IFERROR(PERCENTILE(FILTER(_Calc!$B$3:$B$20002,_Calc!$D$3:$D$20002=17),0.25),"—") | E21: =IFERROR(PERCENTILE(FILTER(_Calc!$B$3:$B$20002,_Calc!$D$3:$D$20002=17),0.5),"—") | F21: =IFERROR(PERCENTILE(FILTER(_Calc!$B$3:$B$20002,_Calc!$D$3:$D$20002=17),0.75),"—") | G21: =IFERROR(PERCENTILE(FILTER(_Calc!$B$3:$B$20002,_Calc!$D$3:$D$20002=17),0.9),"—") | H21: =IFERROR(IF(IFERROR(PERCENTILE(FILTER(_Calc!$B$3:$B$20002,_Calc!$D$3:$D$20002=17),0.5),"—")="","—",IF(IFERROR(PERCENTILE(FILTER(_Calc!$B$3:$B$20002,_Calc!$D$3:$D$20002=17),0.5),"—")<70,"Low",IF(IFERROR(PERCENTILE(FILTER(_Calc!$B$3:$B$20002,_Calc!$D$3:$D$20002=17),0.5),"—")>180,"High","In Range"))),"—")
A22: 18:00 | B22: =IFERROR(COUNTIF(_Calc!$D$3:$D$20002,18),0) | C22: =IFERROR(PERCENTILE(FILTER(_Calc!$B$3:$B$20002,_Calc!$D$3:$D$20002=18),0.1),"—") | D22: =IFERROR(PERCENTILE(FILTER(_Calc!$B$3:$B$20002,_Calc!$D$3:$D$20002=18),0.25),"—") | E22: =IFERROR(PERCENTILE(FILTER(_Calc!$B$3:$B$20002,_Calc!$D$3:$D$20002=18),0.5),"—") | F22: =IFERROR(PERCENTILE(FILTER(_Calc!$B$3:$B$20002,_Calc!$D$3:$D$20002=18),0.75),"—") | G22: =IFERROR(PERCENTILE(FILTER(_Calc!$B$3:$B$20002,_Calc!$D$3:$D$20002=18),0.9),"—") | H22: =IFERROR(IF(IFERROR(PERCENTILE(FILTER(_Calc!$B$3:$B$20002,_Calc!$D$3:$D$20002=18),0.5),"—")="","—",IF(IFERROR(PERCENTILE(FILTER(_Calc!$B$3:$B$20002,_Calc!$D$3:$D$20002=18),0.5),"—")<70,"Low",IF(IFERROR(PERCENTILE(FILTER(_Calc!$B$3:$B$20002,_Calc!$D$3:$D$20002=18),0.5),"—")>180,"High","In Range"))),"—")
A23: 19:00 | B23: =IFERROR(COUNTIF(_Calc!$D$3:$D$20002,19),0) | C23: =IFERROR(PERCENTILE(FILTER(_Calc!$B$3:$B$20002,_Calc!$D$3:$D$20002=19),0.1),"—") | D23: =IFERROR(PERCENTILE(FILTER(_Calc!$B$3:$B$20002,_Calc!$D$3:$D$20002=19),0.25),"—") | E23: =IFERROR(PERCENTILE(FILTER(_Calc!$B$3:$B$20002,_Calc!$D$3:$D$20002=19),0.5),"—") | F23: =IFERROR(PERCENTILE(FILTER(_Calc!$B$3:$B$20002,_Calc!$D$3:$D$20002=19),0.75),"—") | G23: =IFERROR(PERCENTILE(FILTER(_Calc!$B$3:$B$20002,_Calc!$D$3:$D$20002=19),0.9),"—") | H23: =IFERROR(IF(IFERROR(PERCENTILE(FILTER(_Calc!$B$3:$B$20002,_Calc!$D$3:$D$20002=19),0.5),"—")="","—",IF(IFERROR(PERCENTILE(FILTER(_Calc!$B$3:$B$20002,_Calc!$D$3:$D$20002=19),0.5),"—")<70,"Low",IF(IFERROR(PERCENTILE(FILTER(_Calc!$B$3:$B$20002,_Calc!$D$3:$D$20002=19),0.5),"—")>180,"High","In Range"))),"—")
A24: 20:00 | B24: =IFERROR(COUNTIF(_Calc!$D$3:$D$20002,20),0) | C24: =IFERROR(PERCENTILE(FILTER(_Calc!$B$3:$B$20002,_Calc!$D$3:$D$20002=20),0.1),"—") | D24: =IFERROR(PERCENTILE(FILTER(_Calc!$B$3:$B$20002,_Calc!$D$3:$D$20002=20),0.25),"—") | E24: =IFERROR(PERCENTILE(FILTER(_Calc!$B$3:$B$20002,_Calc!$D$3:$D$20002=20),0.5),"—") | F24: =IFERROR(PERCENTILE(FILTER(_Calc!$B$3:$B$20002,_Calc!$D$3:$D$20002=20),0.75),"—") | G24: =IFERROR(PERCENTILE(FILTER(_Calc!$B$3:$B$20002,_Calc!$D$3:$D$20002=20),0.9),"—") | H24: =IFERROR(IF(IFERROR(PERCENTILE(FILTER(_Calc!$B$3:$B$20002,_Calc!$D$3:$D$20002=20),0.5),"—")="","—",IF(IFERROR(PERCENTILE(FILTER(_Calc!$B$3:$B$20002,_Calc!$D$3:$D$20002=20),0.5),"—")<70,"Low",IF(IFERROR(PERCENTILE(FILTER(_Calc!$B$3:$B$20002,_Calc!$D$3:$D$20002=20),0.5),"—")>180,"High","In Range"))),"—")
A25: 21:00 | B25: =IFERROR(COUNTIF(_Calc!$D$3:$D$20002,21),0) | C25: =IFERROR(PERCENTILE(FILTER(_Calc!$B$3:$B$20002,_Calc!$D$3:$D$20002=21),0.1),"—") | D25: =IFERROR(PERCENTILE(FILTER(_Calc!$B$3:$B$20002,_Calc!$D$3:$D$20002=21),0.25),"—") | E25: =IFERROR(PERCENTILE(FILTER(_Calc!$B$3:$B$20002,_Calc!$D$3:$D$20002=21),0.5),"—") | F25: =IFERROR(PERCENTILE(FILTER(_Calc!$B$3:$B$20002,_Calc!$D$3:$D$20002=21),0.75),"—") | G25: =IFERROR(PERCENTILE(FILTER(_Calc!$B$3:$B$20002,_Calc!$D$3:$D$20002=21),0.9),"—") | H25: =IFERROR(IF(IFERROR(PERCENTILE(FILTER(_Calc!$B$3:$B$20002,_Calc!$D$3:$D$20002=21),0.5),"—")="","—",IF(IFERROR(PERCENTILE(FILTER(_Calc!$B$3:$B$20002,_Calc!$D$3:$D$20002=21),0.5),"—")<70,"Low",IF(IFERROR(PERCENTILE(FILTER(_Calc!$B$3:$B$20002,_Calc!$D$3:$D$20002=21),0.5),"—")>180,"High","In Range"))),"—")
A26: 22:00 | B26: =IFERROR(COUNTIF(_Calc!$D$3:$D$20002,22),0) | C26: =IFERROR(PERCENTILE(FILTER(_Calc!$B$3:$B$20002,_Calc!$D$3:$D$20002=22),0.1),"—") | D26: =IFERROR(PERCENTILE(FILTER(_Calc!$B$3:$B$20002,_Calc!$D$3:$D$20002=22),0.25),"—") | E26: =IFERROR(PERCENTILE(FILTER(_Calc!$B$3:$B$20002,_Calc!$D$3:$D$20002=22),0.5),"—") | F26: =IFERROR(PERCENTILE(FILTER(_Calc!$B$3:$B$20002,_Calc!$D$3:$D$20002=22),0.75),"—") | G26: =IFERROR(PERCENTILE(FILTER(_Calc!$B$3:$B$20002,_Calc!$D$3:$D$20002=22),0.9),"—") | H26: =IFERROR(IF(IFERROR(PERCENTILE(FILTER(_Calc!$B$3:$B$20002,_Calc!$D$3:$D$20002=22),0.5),"—")="","—",IF(IFERROR(PERCENTILE(FILTER(_Calc!$B$3:$B$20002,_Calc!$D$3:$D$20002=22),0.5),"—")<70,"Low",IF(IFERROR(PERCENTILE(FILTER(_Calc!$B$3:$B$20002,_Calc!$D$3:$D$20002=22),0.5),"—")>180,"High","In Range"))),"—")
A27: 23:00 | B27: =IFERROR(COUNTIF(_Calc!$D$3:$D$20002,23),0) | C27: =IFERROR(PERCENTILE(FILTER(_Calc!$B$3:$B$20002,_Calc!$D$3:$D$20002=23),0.1),"—") | D27: =IFERROR(PERCENTILE(FILTER(_Calc!$B$3:$B$20002,_Calc!$D$3:$D$20002=23),0.25),"—") | E27: =IFERROR(PERCENTILE(FILTER(_Calc!$B$3:$B$20002,_Calc!$D$3:$D$20002=23),0.5),"—") | F27: =IFERROR(PERCENTILE(FILTER(_Calc!$B$3:$B$20002,_Calc!$D$3:$D$20002=23),0.75),"—") | G27: =IFERROR(PERCENTILE(FILTER(_Calc!$B$3:$B$20002,_Calc!$D$3:$D$20002=23),0.9),"—") | H27: =IFERROR(IF(IFERROR(PERCENTILE(FILTER(_Calc!$B$3:$B$20002,_Calc!$D$3:$D$20002=23),0.5),"—")="","—",IF(IFERROR(PERCENTILE(FILTER(_Calc!$B$3:$B$20002,_Calc!$D$3:$D$20002=23),0.5),"—")<70,"Low",IF(IFERROR(PERCENTILE(FILTER(_Calc!$B$3:$B$20002,_Calc!$D$3:$D$20002=23),0.5),"—")>180,"High","In Range"))),"—")
A28: Reference: Target range 70–180 mg/dL | IQR band = 25th–75th percentile | Solid line = median

Sheet Time Blocks
A1: Average Glucose by 3-Hour Time Block
A2: Average glucose per 3-hour window — identifies postprandial hyperglycaemia patterns and dawn phenomenon.
A3: Time Window | B3: Readings | C3: Avg Glucose (mg/dL) | D3: Zone | E3: Clinical Relevance
A4: 12–3 AM | B4: =IFERROR(COUNTIFS(_Calc!$D$3:$D$20002,">="&0,_Calc!$D$3:$D$20002,"<"&3),0) | C4: =IFERROR(AVERAGEIFS(_Calc!$B$3:$B$20002,_Calc!$D$3:$D$20002,">="&0,_Calc!$D$3:$D$20002,"<"&3),"—") | D4: =IFERROR(IF(IFERROR(AVERAGEIFS(_Calc!$B$3:$B$20002,_Calc!$D$3:$D$20002,">="&0,_Calc!$D$3:$D$20002,"<"&3),"—")="","—",IF(IFERROR(AVERAGEIFS(_Calc!$B$3:$B$20002,_Calc!$D$3:$D$20002,">="&0,_Calc!$D$3:$D$20002,"<"&3),"—")<70,"Low",IF(IFERROR(AVERAGEIFS(_Calc!$B$3:$B$20002,_Calc!$D$3:$D$20002,">="&0,_Calc!$D$3:$D$20002,"<"&3),"—")>180,"High","In Range"))),"—") | E4: Overnight baseline — hepatic glucose output
A5: 3–6 AM | B5: =IFERROR(COUNTIFS(_Calc!$D$3:$D$20002,">="&3,_Calc!$D$3:$D$20002,"<"&6),0) | C5: =IFERROR(AVERAGEIFS(_Calc!$B$3:$B$20002,_Calc!$D$3:$D$20002,">="&3,_Calc!$D$3:$D$20002,"<"&6),"—") | D5: =IFERROR(IF(IFERROR(AVERAGEIFS(_Calc!$B$3:$B$20002,_Calc!$D$3:$D$20002,">="&3,_Calc!$D$3:$D$20002,"<"&6),"—")="","—",IF(IFERROR(AVERAGEIFS(_Calc!$B$3:$B$20002,_Calc!$D$3:$D$20002,">="&3,_Calc!$D$3:$D$20002,"<"&6),"—")<70,"Low",IF(IFERROR(AVERAGEIFS(_Calc!$B$3:$B$20002,_Calc!$D$3:$D$20002,">="&3,_Calc!$D$3:$D$20002,"<"&6),"—")>180,"High","In Range"))),"—") | E5: Dawn phenomenon window — early-morning glucose rise
A6: 6–9 AM | B6: =IFERROR(COUNTIFS(_Calc!$D$3:$D$20002,">="&6,_Calc!$D$3:$D$20002,"<"&9),0) | C6: =IFERROR(AVERAGEIFS(_Calc!$B$3:$B$20002,_Calc!$D$3:$D$20002,">="&6,_Calc!$D$3:$D$20002,"<"&9),"—") | D6: =IFERROR(IF(IFERROR(AVERAGEIFS(_Calc!$B$3:$B$20002,_Calc!$D$3:$D$20002,">="&6,_Calc!$D$3:$D$20002,"<"&9),"—")="","—",IF(IFERROR(AVERAGEIFS(_Calc!$B$3:$B$20002,_Calc!$D$3:$D$20002,">="&6,_Calc!$D$3:$D$20002,"<"&9),"—")<70,"Low",IF(IFERROR(AVERAGEIFS(_Calc!$B$3:$B$20002,_Calc!$D$3:$D$20002,">="&6,_Calc!$D$3:$D$20002,"<"&9),"—")>180,"High","In Range"))),"—") | E6: Fasting / pre-breakfast — key metformin efficacy marker
A7: 9–12 PM | B7: =IFERROR(COUNTIFS(_Calc!$D$3:$D$20002,">="&9,_Calc!$D$3:$D$20002,"<"&12),0) | C7: =IFERROR(AVERAGEIFS(_Calc!$B$3:$B$20002,_Calc!$D$3:$D$20002,">="&9,_Calc!$D$3:$D$20002,"<"&12),"—") | D7: =IFERROR(IF(IFERROR(AVERAGEIFS(_Calc!$B$3:$B$20002,_Calc!$D$3:$D$20002,">="&9,_Calc!$D$3:$D$20002,"<"&12),"—")="","—",IF(IFERROR(AVERAGEIFS(_Calc!$B$3:$B$20002,_Calc!$D$3:$D$20002,">="&9,_Calc!$D$3:$D$20002,"<"&12),"—")<70,"Low",IF(IFERROR(AVERAGEIFS(_Calc!$B$3:$B$20002,_Calc!$D$3:$D$20002,">="&9,_Calc!$D$3:$D$20002,"<"&12),"—")>180,"High","In Range"))),"—") | E7: Post-breakfast — postprandial excursion
A8: 12–3 PM | B8: =IFERROR(COUNTIFS(_Calc!$D$3:$D$20002,">="&12,_Calc!$D$3:$D$20002,"<"&15),0) | C8: =IFERROR(AVERAGEIFS(_Calc!$B$3:$B$20002,_Calc!$D$3:$D$20002,">="&12,_Calc!$D$3:$D$20002,"<"&15),"—") | D8: =IFERROR(IF(IFERROR(AVERAGEIFS(_Calc!$B$3:$B$20002,_Calc!$D$3:$D$20002,">="&12,_Calc!$D$3:$D$20002,"<"&15),"—")="","—",IF(IFERROR(AVERAGEIFS(_Calc!$B$3:$B$20002,_Calc!$D$3:$D$20002,">="&12,_Calc!$D$3:$D$20002,"<"&15),"—")<70,"Low",IF(IFERROR(AVERAGEIFS(_Calc!$B$3:$B$20002,_Calc!$D$3:$D$20002,">="&12,_Calc!$D$3:$D$20002,"<"&15),"—")>180,"High","In Range"))),"—") | E8: Lunch / midday postprandial
A9: 3–6 PM | B9: =IFERROR(COUNTIFS(_Calc!$D$3:$D$20002,">="&15,_Calc!$D$3:$D$20002,"<"&18),0) | C9: =IFERROR(AVERAGEIFS(_Calc!$B$3:$B$20002,_Calc!$D$3:$D$20002,">="&15,_Calc!$D$3:$D$20002,"<"&18),"—") | D9: =IFERROR(IF(IFERROR(AVERAGEIFS(_Calc!$B$3:$B$20002,_Calc!$D$3:$D$20002,">="&15,_Calc!$D$3:$D$20002,"<"&18),"—")="","—",IF(IFERROR(AVERAGEIFS(_Calc!$B$3:$B$20002,_Calc!$D$3:$D$20002,">="&15,_Calc!$D$3:$D$20002,"<"&18),"—")<70,"Low",IF(IFERROR(AVERAGEIFS(_Calc!$B$3:$B$20002,_Calc!$D$3:$D$20002,">="&15,_Calc!$D$3:$D$20002,"<"&18),"—")>180,"High","In Range"))),"—") | E9: Afternoon — late postprandial / activity
A10: 6–9 PM | B10: =IFERROR(COUNTIFS(_Calc!$D$3:$D$20002,">="&18,_Calc!$D$3:$D$20002,"<"&21),0) | C10: =IFERROR(AVERAGEIFS(_Calc!$B$3:$B$20002,_Calc!$D$3:$D$20002,">="&18,_Calc!$D$3:$D$20002,"<"&21),"—") | D10: =IFERROR(IF(IFERROR(AVERAGEIFS(_Calc!$B$3:$B$20002,_Calc!$D$3:$D$20002,">="&18,_Calc!$D$3:$D$20002,"<"&21),"—")="","—",IF(IFERROR(AVERAGEIFS(_Calc!$B$3:$B$20002,_Calc!$D$3:$D$20002,">="&18,_Calc!$D$3:$D$20002,"<"&21),"—")<70,"Low",IF(IFERROR(AVERAGEIFS(_Calc!$B$3:$B$20002,_Calc!$D$3:$D$20002,">="&18,_Calc!$D$3:$D$20002,"<"&21),"—")>180,"High","In Range"))),"—") | E10: Dinner / evening postprandial
A11: 9–12 AM | B11: =IFERROR(COUNTIFS(_Calc!$D$3:$D$20002,">="&21,_Calc!$D$3:$D$20002,"<"&24),0) | C11: =IFERROR(AVERAGEIFS(_Calc!$B$3:$B$20002,_Calc!$D$3:$D$20002,">="&21,_Calc!$D$3:$D$20002,"<"&24),"—") | D11: =IFERROR(IF(IFERROR(AVERAGEIFS(_Calc!$B$3:$B$20002,_Calc!$D$3:$D$20002,">="&21,_Calc!$D$3:$D$20002,"<"&24),"—")="","—",IF(IFERROR(AVERAGEIFS(_Calc!$B$3:$B$20002,_Calc!$D$3:$D$20002,">="&21,_Calc!$D$3:$D$20002,"<"&24),"—")<70,"Low",IF(IFERROR(AVERAGEIFS(_Calc!$B$3:$B$20002,_Calc!$D$3:$D$20002,">="&21,_Calc!$D$3:$D$20002,"<"&24),"—")>180,"High","In Range"))),"—") | E11: Evening / pre-sleep

Sheet _Calc
A1: DateTime | B1: Glucose_Valid | C1: Date_Serial | D1: Hour
A3: =Input!A3 | B3: =IF(ISNUMBER(Input!B3),IF(AND(Input!B3>=20,Input!B3<=700),Input!B3,""),"") | C3: =IF(B3="","",INT(A3)) | D3: =IF(B3="","",HOUR(A3))
A4: =Input!A4 | B4: =IF(ISNUMBER(Input!B4),IF(AND(Input!B4>=20,Input!B4<=700),Input!B4,""),"") | C4: =IF(B4="","",INT(A4)) | D4: =IF(B4="","",HOUR(A4))
A5: =Input!A5 | B5: =IF(ISNUMBER(Input!B5),IF(AND(Input!B5>=20,Input!B5<=700),Input!B5,""),"") | C5: =IF(B5="","",INT(A5)) | D5: =IF(B5="","",HOUR(A5))
A6: =Input!A6 | B6: =IF(ISNUMBER(Input!B6),IF(AND(Input!B6>=20,Input!B6<=700),Input!B6,""),"") | C6: =IF(B6="","",INT(A6)) | D6: =IF(B6="","",HOUR(A6))
A7: =Input!A7 | B7: =IF(ISNUMBER(Input!B7),IF(AND(Input!B7>=20,Input!B7<=700),Input!B7,""),"") | C7: =IF(B7="","",INT(A7)) | D7: =IF(B7="","",HOUR(A7))
A8: =Input!A8 | B8: =IF(ISNUMBER(Input!B8),IF(AND(Input!B8>=20,Input!B8<=700),Input!B8,""),"") | C8: =IF(B8="","",INT(A8)) | D8: =IF(B8="","",HOUR(A8))
A9: =Input!A9 | B9: =IF(ISNUMBER(Input!B9),IF(AND(Input!B9>=20,Input!B9<=700),Input!B9,""),"") | C9: =IF(B9="","",INT(A9)) | D9: =IF(B9="","",HOUR(A9))
A10: =Input!A10 | B10: =IF(ISNUMBER(Input!B10),IF(AND(Input!B10>=20,Input!B10<=700),Input!B10,""),"") | C10: =IF(B10="","",INT(A10)) | D10: =IF(B10="","",HOUR(A10))
A11: =Input!A11 | B11: =IF(ISNUMBER(Input!B11),IF(AND(Input!B11>=20,Input!B11<=700),Input!B11,""),"") | C11: =IF(B11="","",INT(A11)) | D11: =IF(B11="","",HOUR(A11))
A12: =Input!A12 | B12: =IF(ISNUMBER(Input!B12),IF(AND(Input!B12>=20,Input!B12<=700),Input!B12,""),"") | C12: =IF(B12="","",INT(A12)) | D12: =IF(B12="","",HOUR(A12))
A13: =Input!A13 | B13: =IF(ISNUMBER(Input!B13),IF(AND(Input!B13>=20,Input!B13<=700),Input!B13,""),"") | C13: =IF(B13="","",INT(A13)) | D13: =IF(B13="","",HOUR(A13))
A14: =Input!A14 | B14: =IF(ISNUMBER(Input!B14),IF(AND(Input!B14>=20,Input!B14<=700),Input!B14,""),"") | C14: =IF(B14="","",INT(A14)) | D14: =IF(B14="","",HOUR(A14))
... A20002: =Input!A20002 | B20002: =IF(ISNUMBER(Input!B20002),IF(AND(Input!B20002>=20,Input!B20002<=700),Input!B20002,""),"") | C20002: =IF(B20002="","",INT(A20002)) | D20002: =IF(B20002="","",HOUR(A20002))
